<?xml version="1.0"?>
<module>
  <type>language</type>
  <name>Chinese</name>
  <label>Chinese(简体中文)</label>
  <prefix>zh_cn</prefix>
  <version>2.3.0</version>
  <dependencies>
    <vtiger_version>7.0.0</vtiger_version>
	<vtiger_max_version>7.x</vtiger_max_version>
  </dependencies>
  <license>
   <inline><![CDATA[
 ********************************************************************************
 *  Language     : 简体中文语言包
 *  Version      : 7.1.0 GA
 *  Author       : Maie | http://maie.name
 *  Update Date  : 2018-04-19
 *  欢迎加入 Vtiger CRM 爱好者 QQ 群：385434086
 ********************************************************************************  
 * 此语言包版权如下所示：
 * 此文件内容受 GPL 及 VtigerCRM 的公共许可证 1.1 版保护，
 * 使用此文件表示您已默认遵守相关许可规定。
 * 此语言包遵循 知识共享署名-非商业性使用-禁止衍生-相同方式共享（创意共享3.0许可证）https://creativecommons.org/licenses/by-nc-nd/3.0/deed.zh
 * 可以免费下载非商业用途使用，但请注明来源:流浪天下http://maie.name。
 * Maie 无任何形式的担保，明示或暗示的保证，对于此语言包导致的任何问题或纠纷不承担任何责任。
 ********************************************************************************
]]></inline>
  </license>
</module>